user_id,movie_id,rating
1,1,2.0
1,2,3.2
1,3,2.1
1,4,3.3
1,5,4.6
1,6,2.6
1,7,1.9
1,8,5.0
1,9,3.0
1,10,1.4
1,11,1.2
1,12,1.4
1,13,3.5
1,14,4.2
1,15,2.7
1,16,1.3
1,17,2.5
1,18,5.0
1,19,3.1
1,20,4.9
1,21,4.4
1,22,1.0
1,23,3.9
1,24,3.7
1,25,3.1
1,26,2.1
1,27,3.6
1,28,1.4
1,29,2.7
1,30,2.8
1,31,4.8
1,32,4.5
1,33,2.1
1,34,3.0
1,35,1.7
1,36,4.7
1,37,4.5
1,38,2.2
1,39,3.6
1,40,3.4
1,41,1.6
1,42,4.1
1,43,3.2
1,44,4.1
1,45,3.1
1,46,1.0
1,47,2.3
1,48,1.1
1,49,4.7
1,50,4.5
1,51,4.3
1,52,2.2
1,53,1.2
1,54,4.5
1,55,4.8
1,56,1.3
1,57,2.9
1,58,1.3
1,59,4.0
1,60,4.1
1,61,1.5
1,62,2.9
1,63,3.2
1,64,2.1
1,65,4.5
1,66,2.7
1,67,1.8
1,68,3.2
1,69,3.9
1,70,1.8
1,71,2.2
1,72,5.0
1,73,3.6
1,74,2.8
1,75,3.1
1,76,1.5
1,77,1.9
1,78,2.4
1,79,3.4
1,80,1.9
1,81,1.9
1,82,1.3
1,83,3.5
1,84,1.9
1,85,4.6
1,86,4.4
1,87,1.3
1,88,2.0
1,89,3.7
1,90,1.9
1,91,1.5
1,92,4.7
1,93,3.3
1,94,2.9
1,95,4.1
1,96,4.2
1,97,1.8
1,98,1.4
1,99,2.7
1,100,2.7
2,1,2.9
2,2,3.9
2,3,3.7
2,4,4.9
2,5,1.4
2,6,2.6
2,7,2.4
2,8,4.4
2,9,2.0
2,10,1.8
2,11,2.8
2,12,2.7
2,13,2.1
2,14,2.0
2,15,4.7
2,16,2.8
2,17,4.4
2,18,3.2
2,19,1.2
2,20,5.0
2,21,4.3
2,22,4.9
2,23,4.7
2,24,4.4
2,25,1.7
2,26,2.9
2,27,1.9
2,28,2.6
2,29,1.2
2,30,2.5
2,31,4.9
2,32,2.1
2,33,4.1
2,34,2.8
2,35,2.7
2,36,4.8
2,37,5.0
2,38,3.2
2,39,3.9
2,40,1.6
2,41,2.2
2,42,4.9
2,43,3.3
2,44,3.2
2,45,4.0
2,46,1.2
2,47,3.3
2,48,3.0
2,49,4.4
2,50,1.6
2,51,4.8
2,52,1.3
2,53,1.7
2,54,3.4
2,55,3.7
2,56,1.9
2,57,1.5
2,58,4.6
2,59,2.0
2,60,3.4
2,61,3.5
2,62,2.7
2,63,3.3
2,64,3.1
2,65,4.7
2,66,1.8
2,67,3.9
2,68,2.0
2,69,2.6
2,70,3.7
2,71,2.2
2,72,2.3
2,73,4.0
2,74,1.3
2,75,2.8
2,76,5.0
2,77,5.0
2,78,1.3
2,79,1.9
2,80,2.1
2,81,4.7
2,82,4.5
2,83,4.5
2,84,2.5
2,85,1.6
2,86,4.3
2,87,3.8
2,88,3.4
2,89,4.9
2,90,3.6
2,91,1.0
2,92,4.3
2,93,2.2
2,94,3.7
2,95,4.8
2,96,1.5
2,97,1.5
2,98,1.4
2,99,3.2
2,100,2.1
3,1,3.4
3,2,3.9
3,3,1.8
3,4,3.5
3,5,2.1
3,6,3.0
3,7,4.6
3,8,4.4
3,9,1.4
3,10,2.7
3,11,2.1
3,12,1.0
3,13,4.1
3,14,3.5
3,15,2.0
3,16,4.0
3,17,3.2
3,18,2.7
3,19,1.0
3,20,1.3
3,21,4.5
3,22,4.6
3,23,3.2
3,24,4.3
3,25,3.3
3,26,1.6
3,27,1.5
3,28,2.2
3,29,4.6
3,30,4.2
3,31,4.4
3,32,4.6
3,33,1.8
3,34,2.0
3,35,1.4
3,36,4.1
3,37,4.5
3,38,2.6
3,39,3.5
3,40,1.6
3,41,4.7
3,42,4.5
3,43,4.9
3,44,4.2
3,45,4.5
3,46,1.1
3,47,3.9
3,48,2.3
3,49,4.7
3,50,4.2
3,51,4.5
3,52,4.2
3,53,2.1
3,54,4.1
3,55,1.4
3,56,4.5
3,57,4.4
3,58,1.9
3,59,4.3
3,60,2.8
3,61,2.2
3,62,4.2
3,63,1.9
3,64,1.1
3,65,1.8
3,66,2.3
3,67,4.5
3,68,4.9
3,69,2.1
3,70,3.6
3,71,2.6
3,72,4.9
3,73,3.1
3,74,4.8
3,75,1.5
3,76,4.9
3,77,1.7
3,78,4.9
3,79,2.1
3,80,1.4
3,81,2.7
3,82,3.9
3,83,2.3
3,84,3.4
3,85,3.0
3,86,2.5
3,87,3.3
3,88,2.0
3,89,3.8
3,90,1.0
3,91,4.7
3,92,3.2
3,93,3.9
3,94,4.0
3,95,3.7
3,96,2.5
3,97,1.3
3,98,3.7
3,99,2.3
3,100,2.3
4,1,4.4
4,2,3.9
4,3,2.2
4,4,2.2
4,5,2.6
4,6,2.6
4,7,2.2
4,8,1.5
4,9,2.7
4,10,4.8
4,11,3.7
4,12,4.6
4,13,3.5
4,14,2.2
4,15,3.2
4,16,1.0
4,17,2.1
4,18,2.7
4,19,3.3
4,20,3.6
4,21,2.9
4,22,2.8
4,23,1.9
4,24,2.9
4,25,4.6
4,26,4.2
4,27,1.7
4,28,1.3
4,29,3.1
4,30,3.5
4,31,2.3
4,32,4.3
4,33,4.0
4,34,3.7
4,35,1.9
4,36,1.8
4,37,1.1
4,38,2.0
4,39,2.9
4,40,4.4
4,41,1.3
4,42,2.7
4,43,3.5
4,44,1.8
4,45,3.8
4,46,3.0
4,47,2.0
4,48,3.6
4,49,1.0
4,50,4.0
4,51,4.1
4,52,1.4
4,53,2.7
4,54,1.7
4,55,4.8
4,56,3.1
4,57,1.2
4,58,2.0
4,59,4.4
4,60,2.8
4,61,4.2
4,62,3.7
4,63,5.0
4,64,3.4
4,65,4.8
4,66,4.6
4,67,3.5
4,68,3.9
4,69,3.0
4,70,4.3
4,71,3.2
4,72,4.6
4,73,4.0
4,74,2.9
4,75,2.0
4,76,2.0
4,77,3.6
4,78,4.1
4,79,3.1
4,80,3.5
4,81,2.1
4,82,1.3
4,83,2.1
4,84,2.1
4,85,2.3
4,86,3.2
4,87,1.6
4,88,1.9
4,89,3.8
4,90,3.8
4,91,1.3
4,92,2.6
4,93,3.2
4,94,2.7
4,95,1.8
4,96,2.7
4,97,4.6
4,98,3.3
4,99,3.8
4,100,4.4
5,1,4.1
5,2,2.5
5,3,1.0
5,4,2.4
5,5,4.0
5,6,4.4
5,7,4.8
5,8,2.7
5,9,4.0
5,10,3.2
5,11,3.4
5,12,1.9
5,13,1.9
5,14,2.7
5,15,1.1
5,16,2.3
5,17,3.7
5,18,2.6
5,19,1.7
5,20,2.9
5,21,1.5
5,22,3.5
5,23,1.1
5,24,2.6
5,25,3.3
5,26,1.1
5,27,3.6
5,28,1.5
5,29,2.8
5,30,1.2
5,31,2.5
5,32,1.8
5,33,2.3
5,34,4.0
5,35,2.5
5,36,4.0
5,37,4.3
5,38,2.0
5,39,1.3
5,40,1.1
5,41,3.2
5,42,5.0
5,43,2.4
5,44,3.6
5,45,4.1
5,46,3.6
5,47,4.0
5,48,4.8
5,49,1.8
5,50,1.1
5,51,1.6
5,52,1.5
5,53,3.7
5,54,3.3
5,55,1.9
5,56,3.8
5,57,4.1
5,58,1.7
5,59,3.4
5,60,4.0
5,61,1.5
5,62,4.3
5,63,4.9
5,64,1.4
5,65,1.1
5,66,2.2
5,67,3.7
5,68,4.8
5,69,2.6
5,70,3.9
5,71,1.3
5,72,3.8
5,73,3.5
5,74,1.4
5,75,4.1
5,76,4.4
5,77,3.4
5,78,1.5
5,79,4.9
5,80,4.1
5,81,2.4
5,82,2.7
5,83,2.5
5,84,3.0
5,85,2.4
5,86,4.4
5,87,4.3
5,88,1.4
5,89,4.8
5,90,3.5
5,91,4.3
5,92,3.8
5,93,2.7
5,94,3.9
5,95,4.9
5,96,2.1
5,97,4.2
5,98,3.2
5,99,2.9
5,100,2.7
6,1,3.9
6,2,2.1
6,3,4.4
6,4,4.3
6,5,1.3
6,6,4.5
6,7,2.0
6,8,2.9
6,9,3.4
6,10,2.5
6,11,1.1
6,12,4.4
6,13,1.7
6,14,1.8
6,15,4.2
6,16,2.4
6,17,4.5
6,18,3.8
6,19,2.1
6,20,1.0
6,21,4.8
6,22,1.3
6,23,3.9
6,24,3.0
6,25,4.0
6,26,3.8
6,27,3.6
6,28,3.0
6,29,4.2
6,30,1.4
6,31,1.9
6,32,3.8
6,33,2.2
6,34,3.3
6,35,2.9
6,36,3.1
6,37,2.7
6,38,4.0
6,39,2.3
6,40,3.8
6,41,2.1
6,42,2.0
6,43,1.5
6,44,1.8
6,45,1.5
6,46,3.1
6,47,4.0
6,48,1.7
6,49,1.9
6,50,2.9
6,51,3.9
6,52,4.9
6,53,3.1
6,54,2.1
6,55,1.4
6,56,1.8
6,57,1.9
6,58,1.7
6,59,1.1
6,60,3.1
6,61,2.1
6,62,4.9
6,63,3.2
6,64,3.8
6,65,1.5
6,66,4.5
6,67,3.0
6,68,4.5
6,69,3.3
6,70,2.9
6,71,2.8
6,72,1.7
6,73,1.2
6,74,4.8
6,75,2.9
6,76,4.3
6,77,2.6
6,78,1.3
6,79,3.5
6,80,1.2
6,81,1.6
6,82,3.3
6,83,2.2
6,84,5.0
6,85,1.5
6,86,4.1
6,87,3.4
6,88,4.2
6,89,1.9
6,90,3.1
6,91,2.8
6,92,2.8
6,93,4.4
6,94,5.0
6,95,2.2
6,96,3.5
6,97,3.4
6,98,4.0
6,99,4.8
6,100,1.8
7,1,1.8
7,2,3.6
7,3,1.6
7,4,1.7
7,5,1.3
7,6,1.0
7,7,2.8
7,8,3.4
7,9,2.2
7,10,1.9
7,11,3.8
7,12,3.8
7,13,2.8
7,14,3.7
7,15,4.7
7,16,4.2
7,17,3.5
7,18,3.6
7,19,4.7
7,20,2.7
7,21,3.2
7,22,3.6
7,23,4.6
7,24,4.3
7,25,1.3
7,26,1.7
7,27,2.2
7,28,4.0
7,29,3.3
7,30,2.2
7,31,1.5
7,32,3.8
7,33,3.8
7,34,4.8
7,35,3.0
7,36,3.0
7,37,1.3
7,38,1.2
7,39,2.7
7,40,2.3
7,41,2.0
7,42,1.4
7,43,4.8
7,44,4.3
7,45,3.3
7,46,4.8
7,47,5.0
7,48,3.7
7,49,2.1
7,50,1.2
7,51,4.0
7,52,2.9
7,53,3.6
7,54,4.7
7,55,1.7
7,56,3.3
7,57,3.5
7,58,3.0
7,59,1.4
7,60,2.4
7,61,2.3
7,62,3.7
7,63,4.4
7,64,2.3
7,65,3.8
7,66,2.2
7,67,4.8
7,68,4.3
7,69,3.2
7,70,2.8
7,71,2.3
7,72,2.3
7,73,4.9
7,74,2.6
7,75,3.1
7,76,5.0
7,77,3.6
7,78,3.2
7,79,2.7
7,80,1.8
7,81,2.4
7,82,4.0
7,83,3.5
7,84,4.0
7,85,1.8
7,86,3.2
7,87,4.7
7,88,2.8
7,89,3.8
7,90,1.5
7,91,4.9
7,92,3.4
7,93,2.0
7,94,1.6
7,95,3.2
7,96,3.2
7,97,1.4
7,98,5.0
7,99,4.7
7,100,2.8
8,1,1.5
8,2,4.3
8,3,3.0
8,4,3.9
8,5,3.0
8,6,2.1
8,7,4.3
8,8,4.9
8,9,2.0
8,10,3.2
8,11,2.5
8,12,4.7
8,13,3.0
8,14,4.5
8,15,4.5
8,16,2.1
8,17,4.2
8,18,2.7
8,19,4.7
8,20,3.0
8,21,4.3
8,22,2.1
8,23,2.2
8,24,3.3
8,25,5.0
8,26,3.0
8,27,1.6
8,28,3.2
8,29,2.4
8,30,3.2
8,31,3.2
8,32,2.8
8,33,2.3
8,34,1.8
8,35,3.8
8,36,3.3
8,37,1.9
8,38,4.1
8,39,1.2
8,40,4.0
8,41,3.8
8,42,4.2
8,43,2.5
8,44,3.7
8,45,4.3
8,46,4.9
8,47,3.0
8,48,1.1
8,49,3.0
8,50,3.4
8,51,4.5
8,52,4.5
8,53,2.8
8,54,3.1
8,55,2.8
8,56,3.9
8,57,2.6
8,58,3.6
8,59,1.6
8,60,2.9
8,61,4.9
8,62,2.4
8,63,3.8
8,64,3.6
8,65,4.4
8,66,4.4
8,67,4.4
8,68,2.5
8,69,2.3
8,70,3.9
8,71,4.0
8,72,4.5
8,73,1.1
8,74,1.3
8,75,3.5
8,76,4.7
8,77,5.0
8,78,4.0
8,79,2.7
8,80,1.4
8,81,3.5
8,82,4.5
8,83,2.8
8,84,3.8
8,85,4.6
8,86,1.2
8,87,4.2
8,88,2.2
8,89,2.5
8,90,1.6
8,91,3.1
8,92,3.3
8,93,4.2
8,94,1.7
8,95,1.3
8,96,4.5
8,97,3.5
8,98,2.0
8,99,4.7
8,100,1.6
9,1,2.8
9,2,2.0
9,3,2.0
9,4,1.0
9,5,4.2
9,6,4.6
9,7,3.7
9,8,1.6
9,9,2.8
9,10,2.4
9,11,3.4
9,12,3.6
9,13,2.7
9,14,2.0
9,15,4.4
9,16,1.8
9,17,2.5
9,18,2.9
9,19,1.9
9,20,3.3
9,21,3.3
9,22,5.0
9,23,2.2
9,24,4.9
9,25,3.6
9,26,2.1
9,27,3.3
9,28,3.7
9,29,4.0
9,30,1.2
9,31,3.4
9,32,3.0
9,33,4.6
9,34,2.1
9,35,4.2
9,36,3.4
9,37,2.4
9,38,3.5
9,39,3.5
9,40,3.7
9,41,3.9
9,42,3.6
9,43,4.4
9,44,3.5
9,45,4.6
9,46,3.6
9,47,2.2
9,48,2.8
9,49,3.3
9,50,3.9
9,51,1.4
9,52,2.2
9,53,4.0
9,54,1.7
9,55,1.5
9,56,3.2
9,57,4.9
9,58,3.1
9,59,4.7
9,60,4.3
9,61,2.0
9,62,4.3
9,63,2.9
9,64,4.2
9,65,4.0
9,66,2.4
9,67,1.5
9,68,4.9
9,69,1.6
9,70,4.9
9,71,4.4
9,72,3.9
9,73,4.9
9,74,4.9
9,75,4.2
9,76,2.5
9,77,4.2
9,78,1.1
9,79,3.1
9,80,2.8
9,81,3.7
9,82,3.7
9,83,3.3
9,84,4.3
9,85,4.8
9,86,1.4
9,87,1.9
9,88,1.1
9,89,4.5
9,90,3.2
9,91,4.7
9,92,1.9
9,93,1.3
9,94,4.3
9,95,4.6
9,96,2.2
9,97,2.6
9,98,1.6
9,99,4.8
9,100,2.2
10,1,3.0
10,2,1.4
10,3,4.5
10,4,1.5
10,5,2.8
10,6,3.7
10,7,4.0
10,8,4.8
10,9,2.7
10,10,4.0
10,11,1.6
10,12,2.7
10,13,1.4
10,14,3.0
10,15,2.6
10,16,4.8
10,17,1.1
10,18,2.5
10,19,2.8
10,20,4.8
10,21,4.4
10,22,1.4
10,23,3.7
10,24,3.2
10,25,4.9
10,26,2.4
10,27,2.6
10,28,1.8
10,29,1.5
10,30,4.4
10,31,2.8
10,32,3.7
10,33,3.6
10,34,3.4
10,35,1.1
10,36,4.1
10,37,2.0
10,38,1.5
10,39,3.3
10,40,1.3
10,41,4.1
10,42,1.8
10,43,1.9
10,44,4.5
10,45,2.3
10,46,1.6
10,47,4.6
10,48,1.0
10,49,4.4
10,50,1.6
10,51,1.5
10,52,2.0
10,53,1.7
10,54,3.6
10,55,1.1
10,56,1.1
10,57,4.2
10,58,2.0
10,59,2.3
10,60,1.7
10,61,1.2
10,62,4.0
10,63,3.1
10,64,4.0
10,65,2.9
10,66,4.1
10,67,3.1
10,68,1.4
10,69,3.0
10,70,4.8
10,71,1.2
10,72,4.1
10,73,4.5
10,74,3.1
10,75,2.8
10,76,4.9
10,77,1.2
10,78,2.9
10,79,2.6
10,80,3.7
10,81,3.0
10,82,4.6
10,83,1.3
10,84,1.3
10,85,3.4
10,86,1.3
10,87,2.1
10,88,3.5
10,89,3.2
10,90,2.3
10,91,5.0
10,92,3.1
10,93,2.8
10,94,3.4
10,95,1.4
10,96,3.8
10,97,4.4
10,98,3.6
10,99,4.1
10,100,3.9
11,1,1.9
11,2,2.8
11,3,1.9
11,4,2.4
11,5,2.8
11,6,2.7
11,7,1.4
11,8,2.7
11,9,3.7
11,10,2.5
11,11,1.6
11,12,4.7
11,13,1.3
11,14,4.3
11,15,1.4
11,16,1.4
11,17,4.0
11,18,4.2
11,19,3.2
11,20,3.3
11,21,3.2
11,22,2.3
11,23,1.5
11,24,2.4
11,25,3.7
11,26,4.0
11,27,4.5
11,28,3.9
11,29,4.9
11,30,3.4
11,31,2.4
11,32,3.3
11,33,1.9
11,34,3.6
11,35,1.9
11,36,1.4
11,37,4.4
11,38,2.5
11,39,4.1
11,40,3.3
11,41,4.2
11,42,4.4
11,43,4.9
11,44,4.3
11,45,3.5
11,46,3.6
11,47,1.1
11,48,4.7
11,49,4.3
11,50,2.1
11,51,1.7
11,52,3.8
11,53,2.2
11,54,2.4
11,55,1.0
11,56,4.5
11,57,3.3
11,58,2.6
11,59,1.6
11,60,3.5
11,61,1.1
11,62,4.0
11,63,1.9
11,64,2.7
11,65,2.4
11,66,2.5
11,67,3.9
11,68,4.1
11,69,3.3
11,70,1.3
11,71,1.2
11,72,1.6
11,73,3.5
11,74,3.7
11,75,2.1
11,76,3.6
11,77,2.9
11,78,2.8
11,79,2.1
11,80,4.0
11,81,1.5
11,82,2.7
11,83,2.1
11,84,3.7
11,85,2.9
11,86,3.7
11,87,1.2
11,88,2.6
11,89,3.4
11,90,1.0
11,91,2.2
11,92,1.8
11,93,1.5
11,94,2.0
11,95,2.3
11,96,1.0
11,97,4.0
11,98,1.7
11,99,2.5
11,100,3.8
12,1,3.0
12,2,4.3
12,3,4.2
12,4,1.3
12,5,4.4
12,6,1.2
12,7,1.1
12,8,4.7
12,9,4.4
12,10,3.3
12,11,3.3
12,12,3.8
12,13,2.7
12,14,1.5
12,15,1.1
12,16,2.3
12,17,4.2
12,18,3.5
12,19,4.3
12,20,4.7
12,21,1.4
12,22,4.4
12,23,2.0
12,24,3.4
12,25,3.1
12,26,2.6
12,27,2.2
12,28,2.4
12,29,2.3
12,30,1.7
12,31,3.0
12,32,1.5
12,33,3.0
12,34,4.6
12,35,2.4
12,36,3.9
12,37,4.3
12,38,4.3
12,39,1.9
12,40,1.6
12,41,1.8
12,42,3.4
12,43,4.0
12,44,3.6
12,45,1.7
12,46,4.1
12,47,3.0
12,48,4.0
12,49,4.0
12,50,2.8
12,51,4.7
12,52,3.3
12,53,3.5
12,54,3.5
12,55,4.5
12,56,3.5
12,57,1.6
12,58,1.3
12,59,2.8
12,60,2.2
12,61,2.1
12,62,1.2
12,63,3.0
12,64,2.2
12,65,2.8
12,66,1.2
12,67,4.3
12,68,1.3
12,69,4.5
12,70,4.4
12,71,3.5
12,72,3.0
12,73,2.9
12,74,3.2
12,75,4.2
12,76,4.6
12,77,2.8
12,78,4.2
12,79,3.6
12,80,2.3
12,81,2.9
12,82,1.6
12,83,1.2
12,84,1.4
12,85,4.6
12,86,2.4
12,87,3.9
12,88,3.0
12,89,1.7
12,90,2.0
12,91,2.8
12,92,2.8
12,93,3.1
12,94,1.6
12,95,2.5
12,96,2.1
12,97,2.6
12,98,2.4
12,99,3.4
12,100,4.2
13,1,3.6
13,2,1.3
13,3,1.4
13,4,3.7
13,5,2.1
13,6,3.9
13,7,3.6
13,8,4.6
13,9,4.5
13,10,2.3
13,11,3.3
13,12,1.6
13,13,2.4
13,14,4.9
13,15,3.8
13,16,2.6
13,17,3.4
13,18,4.8
13,19,2.2
13,20,2.5
13,21,4.2
13,22,4.3
13,23,3.7
13,24,4.3
13,25,4.0
13,26,3.7
13,27,3.1
13,28,3.6
13,29,2.7
13,30,2.4
13,31,2.5
13,32,1.7
13,33,1.9
13,34,4.8
13,35,2.9
13,36,1.9
13,37,1.6
13,38,1.3
13,39,4.4
13,40,1.4
13,41,4.1
13,42,4.3
13,43,4.5
13,44,1.2
13,45,2.3
13,46,4.1
13,47,1.5
13,48,2.5
13,49,1.6
13,50,4.3
13,51,4.1
13,52,4.2
13,53,1.7
13,54,2.8
13,55,2.6
13,56,3.7
13,57,2.0
13,58,2.8
13,59,2.1
13,60,4.0
13,61,2.8
13,62,3.1
13,63,2.2
13,64,4.2
13,65,2.9
13,66,4.3
13,67,2.5
13,68,4.8
13,69,4.9
13,70,2.8
13,71,2.1
13,72,2.5
13,73,3.1
13,74,4.9
13,75,4.3
13,76,4.2
13,77,1.6
13,78,2.0
13,79,3.6
13,80,4.5
13,81,3.2
13,82,1.4
13,83,4.4
13,84,4.4
13,85,2.1
13,86,4.1
13,87,2.1
13,88,4.6
13,89,1.6
13,90,2.7
13,91,4.8
13,92,1.9
13,93,2.8
13,94,2.4
13,95,1.1
13,96,1.2
13,97,3.0
13,98,1.9
13,99,5.0
13,100,2.5
14,1,1.1
14,2,4.7
14,3,4.4
14,4,3.6
14,5,4.2
14,6,1.6
14,7,2.1
14,8,4.3
14,9,3.8
14,10,1.6
14,11,3.8
14,12,2.8
14,13,1.0
14,14,1.3
14,15,2.0
14,16,4.3
14,17,3.2
14,18,3.9
14,19,3.1
14,20,1.4
14,21,2.2
14,22,2.2
14,23,1.2
14,24,2.7
14,25,4.2
14,26,2.8
14,27,1.4
14,28,4.6
14,29,3.4
14,30,1.1
14,31,3.1
14,32,2.0
14,33,1.6
14,34,2.7
14,35,3.5
14,36,2.0
14,37,2.7
14,38,3.7
14,39,1.3
14,40,4.9
14,41,1.3
14,42,3.1
14,43,3.0
14,44,5.0
14,45,3.2
14,46,2.6
14,47,2.9
14,48,3.5
14,49,4.9
14,50,2.0
14,51,1.1
14,52,4.2
14,53,2.4
14,54,3.9
14,55,3.5
14,56,4.1
14,57,3.9
14,58,2.3
14,59,1.2
14,60,3.2
14,61,4.3
14,62,1.7
14,63,4.1
14,64,2.9
14,65,3.8
14,66,3.5
14,67,4.2
14,68,1.3
14,69,4.1
14,70,2.8
14,71,2.2
14,72,1.2
14,73,1.8
14,74,1.2
14,75,4.7
14,76,3.1
14,77,5.0
14,78,3.2
14,79,2.0
14,80,4.0
14,81,1.8
14,82,2.4
14,83,4.1
14,84,4.5
14,85,2.3
14,86,1.5
14,87,2.5
14,88,4.6
14,89,4.0
14,90,4.6
14,91,2.5
14,92,4.9
14,93,3.0
14,94,3.0
14,95,4.7
14,96,3.1
14,97,4.2
14,98,3.9
14,99,1.3
14,100,3.4
15,1,4.3
15,2,3.2
15,3,2.3
15,4,1.3
15,5,3.6
15,6,2.2
15,7,3.4
15,8,2.7
15,9,3.8
15,10,2.4
15,11,1.2
15,12,4.5
15,13,2.4
15,14,5.0
15,15,2.1
15,16,4.9
15,17,4.8
15,18,1.3
15,19,3.6
15,20,2.5
15,21,4.2
15,22,3.7
15,23,4.8
15,24,1.6
15,25,3.4
15,26,4.1
15,27,1.1
15,28,1.3
15,29,4.1
15,30,2.5
15,31,2.5
15,32,3.3
15,33,3.4
15,34,3.7
15,35,4.8
15,36,2.5
15,37,4.1
15,38,3.3
15,39,3.1
15,40,2.6
15,41,3.6
15,42,2.0
15,43,1.5
15,44,3.9
15,45,3.0
15,46,2.5
15,47,3.2
15,48,2.0
15,49,2.0
15,50,2.8
15,51,5.0
15,52,2.1
15,53,4.7
15,54,3.0
15,55,1.5
15,56,4.4
15,57,2.8
15,58,4.6
15,59,2.8
15,60,1.4
15,61,3.7
15,62,4.4
15,63,2.3
15,64,2.4
15,65,1.3
15,66,3.2
15,67,4.6
15,68,4.4
15,69,3.8
15,70,4.7
15,71,3.6
15,72,4.2
15,73,3.0
15,74,1.5
15,75,1.8
15,76,1.6
15,77,4.2
15,78,1.1
15,79,3.2
15,80,2.5
15,81,4.2
15,82,3.2
15,83,3.4
15,84,1.3
15,85,2.2
15,86,5.0
15,87,3.9
15,88,3.1
15,89,4.1
15,90,4.3
15,91,1.3
15,92,4.9
15,93,3.6
15,94,2.8
15,95,3.7
15,96,2.4
15,97,4.5
15,98,4.1
15,99,3.6
15,100,1.7
16,1,4.9
16,2,2.7
16,3,4.6
16,4,1.2
16,5,1.5
16,6,1.6
16,7,1.7
16,8,2.3
16,9,3.8
16,10,2.4
16,11,4.8
16,12,4.6
16,13,4.4
16,14,2.0
16,15,3.5
16,16,3.2
16,17,1.5
16,18,2.2
16,19,3.1
16,20,3.0
16,21,1.7
16,22,4.8
16,23,1.6
16,24,3.6
16,25,3.9
16,26,3.4
16,27,4.4
16,28,3.3
16,29,4.3
16,30,1.1
16,31,1.2
16,32,3.6
16,33,3.3
16,34,3.6
16,35,4.1
16,36,2.7
16,37,3.6
16,38,3.0
16,39,3.5
16,40,2.2
16,41,4.8
16,42,2.9
16,43,4.2
16,44,3.7
16,45,2.2
16,46,1.3
16,47,1.2
16,48,2.8
16,49,2.9
16,50,1.8
16,51,3.4
16,52,2.3
16,53,3.9
16,54,3.9
16,55,4.4
16,56,4.9
16,57,1.5
16,58,2.5
16,59,3.2
16,60,2.3
16,61,2.9
16,62,2.1
16,63,2.0
16,64,1.4
16,65,2.2
16,66,2.5
16,67,3.5
16,68,2.0
16,69,4.5
16,70,1.6
16,71,2.3
16,72,3.3
16,73,2.3
16,74,4.1
16,75,3.0
16,76,3.1
16,77,3.0
16,78,2.2
16,79,1.1
16,80,4.8
16,81,3.0
16,82,4.9
16,83,1.9
16,84,2.4
16,85,1.2
16,86,3.0
16,87,4.5
16,88,3.6
16,89,2.9
16,90,3.1
16,91,4.4
16,92,2.7
16,93,4.5
16,94,3.9
16,95,4.1
16,96,2.5
16,97,2.6
16,98,3.3
16,99,1.8
16,100,3.2
17,1,1.3
17,2,3.0
17,3,4.1
17,4,2.1
17,5,5.0
17,6,3.7
17,7,1.5
17,8,4.9
17,9,2.6
17,10,4.2
17,11,2.4
17,12,4.8
17,13,4.0
17,14,1.8
17,15,3.0
17,16,3.0
17,17,1.2
17,18,1.5
17,19,2.3
17,20,2.9
17,21,2.8
17,22,3.4
17,23,3.1
17,24,2.3
17,25,3.5
17,26,1.7
17,27,5.0
17,28,4.0
17,29,2.2
17,30,2.3
17,31,4.3
17,32,3.1
17,33,3.8
17,34,2.2
17,35,4.3
17,36,2.5
17,37,3.7
17,38,4.9
17,39,3.3
17,40,4.2
17,41,3.9
17,42,3.8
17,43,1.1
17,44,2.9
17,45,4.9
17,46,4.1
17,47,4.1
17,48,3.3
17,49,3.9
17,50,3.3
17,51,1.7
17,52,3.5
17,53,3.5
17,54,4.4
17,55,1.6
17,56,3.7
17,57,1.1
17,58,4.8
17,59,1.4
17,60,1.1
17,61,2.3
17,62,1.6
17,63,3.8
17,64,2.6
17,65,4.1
17,66,4.7
17,67,4.5
17,68,3.9
17,69,1.2
17,70,1.6
17,71,1.8
17,72,2.3
17,73,3.6
17,74,3.1
17,75,2.3
17,76,1.7
17,77,4.6
17,78,2.4
17,79,2.4
17,80,4.1
17,81,3.9
17,82,3.6
17,83,3.8
17,84,3.4
17,85,1.8
17,86,2.0
17,87,3.2
17,88,1.9
17,89,4.9
17,90,2.2
17,91,2.2
17,92,1.8
17,93,3.8
17,94,2.3
17,95,2.4
17,96,4.7
17,97,4.2
17,98,2.1
17,99,1.5
17,100,3.7
18,1,2.5
18,2,4.9
18,3,4.3
18,4,4.8
18,5,4.2
18,6,2.2
18,7,2.2
18,8,3.9
18,9,2.4
18,10,2.8
18,11,2.0
18,12,2.9
18,13,1.8
18,14,3.2
18,15,4.7
18,16,3.8
18,17,1.5
18,18,3.5
18,19,3.3
18,20,2.0
18,21,3.7
18,22,3.1
18,23,3.6
18,24,1.2
18,25,2.7
18,26,3.9
18,27,1.4
18,28,4.1
18,29,1.0
18,30,3.2
18,31,4.7
18,32,2.6
18,33,4.7
18,34,4.5
18,35,2.9
18,36,1.8
18,37,4.9
18,38,2.3
18,39,3.6
18,40,4.6
18,41,1.4
18,42,3.3
18,43,3.1
18,44,3.9
18,45,4.7
18,46,4.7
18,47,1.7
18,48,4.5
18,49,1.7
18,50,4.7
18,51,5.0
18,52,2.6
18,53,3.0
18,54,4.7
18,55,4.8
18,56,4.7
18,57,4.5
18,58,1.0
18,59,3.3
18,60,1.4
18,61,4.9
18,62,2.1
18,63,5.0
18,64,3.2
18,65,3.0
18,66,4.8
18,67,4.4
18,68,2.9
18,69,1.8
18,70,1.5
18,71,1.6
18,72,2.8
18,73,2.0
18,74,1.7
18,75,3.9
18,76,4.2
18,77,3.3
18,78,4.0
18,79,1.7
18,80,4.4
18,81,4.6
18,82,4.3
18,83,3.1
18,84,1.3
18,85,3.7
18,86,1.7
18,87,1.6
18,88,2.3
18,89,2.0
18,90,2.0
18,91,1.9
18,92,4.0
18,93,4.8
18,94,2.2
18,95,3.9
18,96,1.0
18,97,3.6
18,98,3.8
18,99,1.2
18,100,1.5
19,1,2.2
19,2,2.6
19,3,3.0
19,4,4.6
19,5,3.8
19,6,2.2
19,7,1.5
19,8,4.7
19,9,2.2
19,10,3.5
19,11,1.9
19,12,1.5
19,13,1.6
19,14,4.0
19,15,3.4
19,16,2.7
19,17,3.2
19,18,2.9
19,19,3.2
19,20,3.7
19,21,1.9
19,22,2.0
19,23,4.0
19,24,4.5
19,25,1.3
19,26,2.8
19,27,3.8
19,28,1.3
19,29,3.3
19,30,1.2
19,31,3.2
19,32,3.0
19,33,3.3
19,34,1.6
19,35,2.3
19,36,3.1
19,37,1.5
19,38,1.8
19,39,3.3
19,40,1.4
19,41,3.0
19,42,4.2
19,43,2.8
19,44,3.1
19,45,2.8
19,46,1.2
19,47,2.8
19,48,4.2
19,49,3.9
19,50,2.6
19,51,4.3
19,52,4.0
19,53,3.3
19,54,1.2
19,55,2.4
19,56,1.3
19,57,5.0
19,58,4.7
19,59,1.3
19,60,4.7
19,61,1.1
19,62,2.6
19,63,4.1
19,64,4.1
19,65,4.9
19,66,3.6
19,67,2.7
19,68,5.0
19,69,2.5
19,70,4.5
19,71,4.6
19,72,2.5
19,73,3.7
19,74,3.6
19,75,3.2
19,76,3.6
19,77,2.4
19,78,1.7
19,79,3.1
19,80,3.1
19,81,3.9
19,82,1.9
19,83,1.0
19,84,1.1
19,85,2.2
19,86,3.7
19,87,3.2
19,88,3.1
19,89,4.3
19,90,2.0
19,91,2.4
19,92,2.1
19,93,4.7
19,94,3.9
19,95,1.5
19,96,4.2
19,97,2.7
19,98,4.1
19,99,4.5
19,100,1.1
20,1,1.8
20,2,1.4
20,3,1.1
20,4,3.4
20,5,3.8
20,6,1.2
20,7,4.0
20,8,2.6
20,9,1.9
20,10,1.9
20,11,4.5
20,12,1.2
20,13,3.0
20,14,2.2
20,15,4.3
20,16,3.9
20,17,2.3
20,18,3.4
20,19,3.7
20,20,2.3
20,21,2.2
20,22,1.6
20,23,3.6
20,24,1.9
20,25,2.2
20,26,1.2
20,27,4.8
20,28,4.5
20,29,4.6
20,30,3.5
20,31,2.7
20,32,3.0
20,33,4.9
20,34,4.8
20,35,3.7
20,36,4.1
20,37,2.3
20,38,2.7
20,39,1.6
20,40,2.5
20,41,4.0
20,42,2.9
20,43,4.4
20,44,2.2
20,45,3.8
20,46,4.2
20,47,4.7
20,48,3.2
20,49,4.9
20,50,3.2
20,51,1.5
20,52,2.0
20,53,1.8
20,54,3.6
20,55,4.7
20,56,4.4
20,57,1.4
20,58,3.9
20,59,1.8
20,60,2.1
20,61,3.7
20,62,3.4
20,63,4.5
20,64,1.8
20,65,4.0
20,66,3.9
20,67,3.2
20,68,2.9
20,69,4.5
20,70,2.3
20,71,4.8
20,72,1.1
20,73,4.7
20,74,4.8
20,75,1.5
20,76,5.0
20,77,2.9
20,78,2.0
20,79,3.4
20,80,1.8
20,81,4.7
20,82,3.2
20,83,4.1
20,84,2.5
20,85,3.1
20,86,2.4
20,87,2.0
20,88,3.1
20,89,3.0
20,90,1.4
20,91,4.9
20,92,2.9
20,93,4.4
20,94,4.7
20,95,2.5
20,96,2.7
20,97,3.3
20,98,1.9
20,99,1.6
20,100,2.0
21,1,4.7
21,2,3.3
21,3,2.7
21,4,1.6
21,5,2.3
21,6,2.5
21,7,4.3
21,8,3.0
21,9,3.6
21,10,3.7
21,11,2.0
21,12,4.3
21,13,4.9
21,14,3.6
21,15,3.0
21,16,1.7
21,17,4.2
21,18,1.7
21,19,3.9
21,20,3.0
21,21,4.7
21,22,3.2
21,23,3.6
21,24,1.2
21,25,1.1
21,26,4.4
21,27,4.8
21,28,3.7
21,29,4.1
21,30,2.6
21,31,4.4
21,32,1.9
21,33,3.8
21,34,1.0
21,35,3.0
21,36,2.5
21,37,3.5
21,38,3.7
21,39,3.5
21,40,2.9
21,41,3.0
21,42,1.0
21,43,3.2
21,44,1.0
21,45,3.1
21,46,2.1
21,47,4.9
21,48,1.1
21,49,4.3
21,50,3.7
21,51,4.2
21,52,4.6
21,53,1.4
21,54,1.4
21,55,1.6
21,56,1.8
21,57,3.1
21,58,4.3
21,59,2.1
21,60,2.6
21,61,2.5
21,62,2.6
21,63,3.3
21,64,5.0
21,65,1.9
21,66,3.7
21,67,4.4
21,68,3.6
21,69,4.4
21,70,4.0
21,71,1.4
21,72,2.5
21,73,3.2
21,74,1.2
21,75,1.0
21,76,1.7
21,77,3.0
21,78,2.7
21,79,4.1
21,80,3.3
21,81,4.4
21,82,1.4
21,83,3.1
21,84,1.2
21,85,1.8
21,86,4.5
21,87,4.6
21,88,2.9
21,89,1.2
21,90,1.3
21,91,4.7
21,92,4.6
21,93,3.3
21,94,1.1
21,95,4.7
21,96,2.3
21,97,4.8
21,98,3.3
21,99,4.0
21,100,3.9
22,1,2.6
22,2,1.3
22,3,1.6
22,4,2.0
22,5,4.3
22,6,2.6
22,7,4.6
22,8,2.3
22,9,4.0
22,10,1.6
22,11,5.0
22,12,3.9
22,13,3.0
22,14,4.9
22,15,1.2
22,16,2.7
22,17,4.4
22,18,2.4
22,19,4.1
22,20,4.8
22,21,2.6
22,22,4.1
22,23,1.1
22,24,2.1
22,25,5.0
22,26,3.0
22,27,2.4
22,28,4.8
22,29,2.7
22,30,3.7
22,31,3.6
22,32,1.3
22,33,3.5
22,34,4.2
22,35,3.9
22,36,1.3
22,37,1.6
22,38,3.8
22,39,3.5
22,40,4.0
22,41,2.3
22,42,1.4
22,43,1.0
22,44,2.2
22,45,2.4
22,46,2.1
22,47,1.5
22,48,1.7
22,49,2.8
22,50,3.2
22,51,2.6
22,52,1.1
22,53,2.4
22,54,1.4
22,55,3.4
22,56,2.3
22,57,2.5
22,58,2.2
22,59,2.6
22,60,1.3
22,61,4.6
22,62,4.6
22,63,4.9
22,64,3.3
22,65,1.7
22,66,2.5
22,67,1.6
22,68,2.2
22,69,3.0
22,70,1.3
22,71,2.7
22,72,2.7
22,73,2.9
22,74,1.3
22,75,2.0
22,76,2.0
22,77,3.5
22,78,3.4
22,79,1.8
22,80,1.4
22,81,2.2
22,82,4.8
22,83,2.3
22,84,3.5
22,85,4.2
22,86,2.3
22,87,2.3
22,88,4.3
22,89,4.4
22,90,4.9
22,91,1.5
22,92,2.3
22,93,4.8
22,94,1.8
22,95,2.3
22,96,4.9
22,97,4.9
22,98,2.2
22,99,3.8
22,100,3.0
23,1,3.3
23,2,2.0
23,3,2.5
23,4,4.3
23,5,2.6
23,6,1.5
23,7,3.3
23,8,3.4
23,9,3.2
23,10,3.7
23,11,3.2
23,12,4.8
23,13,2.8
23,14,3.8
23,15,2.8
23,16,2.2
23,17,3.8
23,18,4.3
23,19,4.2
23,20,2.6
23,21,3.0
23,22,3.5
23,23,2.0
23,24,3.6
23,25,3.9
23,26,4.2
23,27,1.3
23,28,5.0
23,29,2.9
23,30,2.6
23,31,3.0
23,32,4.7
23,33,3.8
23,34,3.2
23,35,4.2
23,36,2.4
23,37,4.6
23,38,3.1
23,39,3.6
23,40,1.3
23,41,4.1
23,42,3.6
23,43,2.4
23,44,3.6
23,45,1.2
23,46,4.9
23,47,3.7
23,48,2.6
23,49,4.0
23,50,4.9
23,51,2.7
23,52,1.0
23,53,2.0
23,54,3.0
23,55,3.1
23,56,3.3
23,57,3.3
23,58,2.8
23,59,2.6
23,60,4.1
23,61,3.4
23,62,3.0
23,63,2.4
23,64,1.1
23,65,1.4
23,66,2.7
23,67,4.8
23,68,1.5
23,69,4.8
23,70,1.6
23,71,2.2
23,72,2.8
23,73,1.8
23,74,2.9
23,75,2.9
23,76,2.8
23,77,3.8
23,78,2.3
23,79,2.2
23,80,4.2
23,81,1.5
23,82,4.4
23,83,3.6
23,84,3.7
23,85,1.7
23,86,4.9
23,87,2.0
23,88,1.7
23,89,1.6
23,90,3.2
23,91,4.8
23,92,1.9
23,93,2.6
23,94,1.7
23,95,3.6
23,96,2.7
23,97,1.1
23,98,3.5
23,99,1.8
23,100,3.4
24,1,2.6
24,2,3.8
24,3,1.8
24,4,4.0
24,5,4.2
24,6,1.3
24,7,1.4
24,8,4.5
24,9,1.7
24,10,2.3
24,11,2.8
24,12,2.0
24,13,4.5
24,14,3.1
24,15,3.6
24,16,3.4
24,17,3.4
24,18,3.3
24,19,2.4
24,20,4.4
24,21,3.5
24,22,4.3
24,23,3.8
24,24,2.2
24,25,3.5
24,26,1.3
24,27,1.5
24,28,1.5
24,29,2.2
24,30,1.7
24,31,3.8
24,32,3.0
24,33,2.7
24,34,1.6
24,35,2.5
24,36,1.7
24,37,3.5
24,38,3.8
24,39,3.6
24,40,5.0
24,41,3.2
24,42,3.0
24,43,1.6
24,44,2.3
24,45,2.8
24,46,1.2
24,47,2.4
24,48,1.0
24,49,1.5
24,50,4.3
24,51,4.9
24,52,3.0
24,53,3.0
24,54,3.7
24,55,2.7
24,56,4.4
24,57,3.0
24,58,1.3
24,59,1.1
24,60,4.0
24,61,2.2
24,62,2.1
24,63,3.2
24,64,1.7
24,65,2.8
24,66,4.0
24,67,4.1
24,68,3.2
24,69,1.5
24,70,1.5
24,71,4.1
24,72,4.3
24,73,2.5
24,74,4.3
24,75,1.2
24,76,3.9
24,77,3.2
24,78,5.0
24,79,1.4
24,80,4.3
24,81,4.0
24,82,2.2
24,83,5.0
24,84,2.8
24,85,2.4
24,86,4.3
24,87,2.8
24,88,5.0
24,89,4.1
24,90,1.9
24,91,4.2
24,92,3.4
24,93,2.4
24,94,3.8
24,95,3.5
24,96,1.7
24,97,1.6
24,98,1.8
24,99,1.8
24,100,1.2
25,1,2.4
25,2,2.1
25,3,3.2
25,4,2.3
25,5,3.8
25,6,2.2
25,7,2.1
25,8,4.4
25,9,4.9
25,10,3.7
25,11,1.4
25,12,4.9
25,13,4.1
25,14,4.7
25,15,5.0
25,16,4.5
25,17,1.5
25,18,4.5
25,19,2.0
25,20,3.8
25,21,4.3
25,22,4.0
25,23,3.7
25,24,3.0
25,25,3.3
25,26,2.1
25,27,2.7
25,28,2.8
25,29,3.5
25,30,4.5
25,31,1.4
25,32,3.1
25,33,2.1
25,34,4.7
25,35,2.5
25,36,4.8
25,37,2.3
25,38,1.0
25,39,4.1
25,40,3.9
25,41,3.9
25,42,2.8
25,43,3.7
25,44,2.4
25,45,1.3
25,46,3.1
25,47,1.9
25,48,2.7
25,49,1.8
25,50,2.1
25,51,4.3
25,52,2.4
25,53,3.3
25,54,3.3
25,55,2.9
25,56,2.4
25,57,3.7
25,58,1.2
25,59,1.4
25,60,4.1
25,61,2.8
25,62,1.5
25,63,4.4
25,64,2.8
25,65,1.0
25,66,4.8
25,67,1.8
25,68,3.8
25,69,1.5
25,70,3.6
25,71,1.6
25,72,4.7
25,73,2.1
25,74,3.6
25,75,2.0
25,76,2.5
25,77,4.6
25,78,1.7
25,79,2.6
25,80,2.2
25,81,3.8
25,82,1.9
25,83,3.6
25,84,3.8
25,85,1.0
25,86,2.9
25,87,1.5
25,88,1.9
25,89,3.7
25,90,1.0
25,91,3.8
25,92,4.3
25,93,5.0
25,94,2.7
25,95,1.5
25,96,1.3
25,97,2.5
25,98,3.9
25,99,1.4
25,100,2.3
26,1,4.5
26,2,1.5
26,3,4.1
26,4,4.0
26,5,1.5
26,6,5.0
26,7,1.6
26,8,3.1
26,9,1.0
26,10,3.6
26,11,2.8
26,12,3.9
26,13,3.5
26,14,1.6
26,15,2.6
26,16,3.7
26,17,4.4
26,18,1.3
26,19,1.4
26,20,4.0
26,21,3.4
26,22,2.5
26,23,4.9
26,24,2.3
26,25,1.6
26,26,2.1
26,27,1.3
26,28,3.2
26,29,3.4
26,30,3.4
26,31,4.1
26,32,3.8
26,33,4.4
26,34,3.6
26,35,2.2
26,36,3.1
26,37,3.0
26,38,4.0
26,39,2.2
26,40,1.2
26,41,4.6
26,42,4.8
26,43,3.0
26,44,1.5
26,45,3.0
26,46,3.4
26,47,3.1
26,48,4.9
26,49,4.9
26,50,4.7
26,51,1.5
26,52,4.4
26,53,3.3
26,54,2.5
26,55,3.7
26,56,4.1
26,57,4.8
26,58,4.1
26,59,1.1
26,60,1.3
26,61,2.0
26,62,1.2
26,63,1.2
26,64,4.2
26,65,3.0
26,66,3.5
26,67,3.0
26,68,2.7
26,69,3.8
26,70,1.3
26,71,3.1
26,72,3.5
26,73,2.1
26,74,2.2
26,75,3.0
26,76,1.8
26,77,4.2
26,78,3.1
26,79,2.6
26,80,3.5
26,81,4.3
26,82,3.7
26,83,1.3
26,84,3.8
26,85,3.9
26,86,4.4
26,87,1.2
26,88,1.3
26,89,2.7
26,90,2.8
26,91,3.4
26,92,2.2
26,93,4.0
26,94,4.0
26,95,1.5
26,96,3.8
26,97,3.8
26,98,1.7
26,99,4.8
26,100,3.1
27,1,4.1
27,2,3.9
27,3,1.7
27,4,1.5
27,5,4.1
27,6,2.1
27,7,4.5
27,8,4.1
27,9,1.1
27,10,4.2
27,11,2.1
27,12,1.3
27,13,3.8
27,14,3.3
27,15,1.3
27,16,2.8
27,17,2.4
27,18,3.0
27,19,3.3
27,20,2.5
27,21,2.0
27,22,1.4
27,23,3.3
27,24,3.9
27,25,1.9
27,26,3.0
27,27,1.2
27,28,4.5
27,29,2.0
27,30,2.9
27,31,2.5
27,32,1.6
27,33,4.7
27,34,4.4
27,35,3.2
27,36,4.7
27,37,4.0
27,38,2.7
27,39,2.3
27,40,2.7
27,41,3.9
27,42,2.1
27,43,1.3
27,44,2.5
27,45,3.0
27,46,4.6
27,47,1.7
27,48,4.2
27,49,4.9
27,50,4.8
27,51,1.3
27,52,2.9
27,53,2.1
27,54,4.4
27,55,2.3
27,56,3.2
27,57,1.0
27,58,1.8
27,59,3.3
27,60,2.2
27,61,3.5
27,62,2.9
27,63,3.4
27,64,3.0
27,65,4.1
27,66,1.8
27,67,4.6
27,68,4.0
27,69,2.0
27,70,1.0
27,71,2.6
27,72,1.9
27,73,2.4
27,74,4.4
27,75,4.5
27,76,4.8
27,77,1.0
27,78,3.6
27,79,4.4
27,80,3.9
27,81,1.4
27,82,3.1
27,83,2.0
27,84,3.0
27,85,1.2
27,86,5.0
27,87,3.8
27,88,1.4
27,89,4.7
27,90,4.6
27,91,3.1
27,92,3.8
27,93,2.5
27,94,4.9
27,95,1.3
27,96,1.4
27,97,1.5
27,98,4.3
27,99,1.3
27,100,3.3
28,1,2.7
28,2,4.9
28,3,1.9
28,4,2.0
28,5,2.3
28,6,4.2
28,7,3.8
28,8,3.9
28,9,2.3
28,10,2.1
28,11,1.3
28,12,1.8
28,13,4.1
28,14,3.3
28,15,1.6
28,16,1.7
28,17,2.9
28,18,2.6
28,19,3.1
28,20,4.9
28,21,1.8
28,22,2.2
28,23,2.1
28,24,1.5
28,25,1.6
28,26,3.7
28,27,4.3
28,28,3.8
28,29,1.2
28,30,4.3
28,31,2.3
28,32,1.4
28,33,2.0
28,34,2.4
28,35,3.1
28,36,3.7
28,37,2.0
28,38,5.0
28,39,1.1
28,40,2.6
28,41,2.8
28,42,4.0
28,43,2.0
28,44,2.8
28,45,4.2
28,46,1.6
28,47,1.0
28,48,4.3
28,49,4.9
28,50,1.5
28,51,4.3
28,52,2.5
28,53,3.5
28,54,3.6
28,55,3.3
28,56,2.0
28,57,4.3
28,58,1.1
28,59,1.3
28,60,4.6
28,61,2.8
28,62,1.5
28,63,4.6
28,64,4.3
28,65,2.3
28,66,1.2
28,67,2.8
28,68,1.7
28,69,3.3
28,70,4.3
28,71,2.6
28,72,1.1
28,73,3.7
28,74,1.7
28,75,1.9
28,76,1.7
28,77,2.1
28,78,4.5
28,79,1.1
28,80,3.5
28,81,2.0
28,82,2.2
28,83,2.6
28,84,3.2
28,85,1.2
28,86,2.1
28,87,1.5
28,88,1.8
28,89,4.5
28,90,3.1
28,91,3.5
28,92,4.2
28,93,4.2
28,94,5.0
28,95,4.1
28,96,2.4
28,97,3.2
28,98,2.9
28,99,4.7
28,100,3.0
29,1,2.6
29,2,1.7
29,3,2.3
29,4,1.9
29,5,4.6
29,6,4.1
29,7,1.2
29,8,5.0
29,9,3.1
29,10,4.1
29,11,5.0
29,12,4.9
29,13,1.4
29,14,3.6
29,15,2.1
29,16,4.3
29,17,4.7
29,18,1.2
29,19,5.0
29,20,1.9
29,21,4.4
29,22,4.2
29,23,2.4
29,24,4.4
29,25,4.4
29,26,1.7
29,27,3.4
29,28,4.2
29,29,3.8
29,30,4.7
29,31,1.1
29,32,3.8
29,33,4.8
29,34,3.3
29,35,3.3
29,36,1.8
29,37,5.0
29,38,4.5
29,39,3.0
29,40,2.2
29,41,3.0
29,42,1.4
29,43,1.9
29,44,1.9
29,45,3.1
29,46,1.0
29,47,4.7
29,48,1.8
29,49,1.5
29,50,3.9
29,51,4.7
29,52,4.4
29,53,2.3
29,54,1.1
29,55,3.3
29,56,4.7
29,57,4.1
29,58,4.4
29,59,4.4
29,60,4.8
29,61,2.5
29,62,4.8
29,63,2.6
29,64,1.4
29,65,2.2
29,66,1.5
29,67,1.6
29,68,4.8
29,69,4.2
29,70,4.8
29,71,3.6
29,72,1.7
29,73,4.9
29,74,3.8
29,75,4.7
29,76,4.1
29,77,1.9
29,78,3.4
29,79,1.7
29,80,2.2
29,81,3.8
29,82,1.5
29,83,3.9
29,84,4.8
29,85,4.8
29,86,2.6
29,87,5.0
29,88,4.9
29,89,1.1
29,90,3.4
29,91,4.7
29,92,4.9
29,93,1.9
29,94,3.3
29,95,4.7
29,96,1.6
29,97,4.0
29,98,2.0
29,99,4.9
29,100,1.7
30,1,4.5
30,2,1.4
30,3,3.8
30,4,3.6
30,5,4.5
30,6,2.8
30,7,2.1
30,8,2.0
30,9,1.3
30,10,2.0
30,11,1.4
30,12,1.0
30,13,2.5
30,14,3.9
30,15,4.9
30,16,4.5
30,17,3.0
30,18,2.5
30,19,3.2
30,20,1.4
30,21,2.9
30,22,4.5
30,23,3.6
30,24,3.7
30,25,1.7
30,26,1.3
30,27,4.4
30,28,2.2
30,29,2.3
30,30,4.8
30,31,1.3
30,32,1.7
30,33,2.5
30,34,3.9
30,35,3.2
30,36,4.6
30,37,1.4
30,38,3.4
30,39,3.5
30,40,2.9
30,41,1.1
30,42,4.8
30,43,1.7
30,44,4.6
30,45,1.6
30,46,1.4
30,47,1.8
30,48,1.8
30,49,3.8
30,50,3.9
30,51,3.9
30,52,2.1
30,53,2.1
30,54,2.0
30,55,1.2
30,56,3.3
30,57,4.4
30,58,1.6
30,59,2.4
30,60,2.7
30,61,2.2
30,62,3.6
30,63,3.4
30,64,1.8
30,65,1.1
30,66,1.7
30,67,2.2
30,68,1.3
30,69,4.4
30,70,2.2
30,71,2.6
30,72,3.0
30,73,3.6
30,74,1.4
30,75,3.2
30,76,1.7
30,77,4.5
30,78,2.5
30,79,2.8
30,80,2.1
30,81,2.9
30,82,1.9
30,83,2.1
30,84,1.2
30,85,4.0
30,86,3.7
30,87,1.3
30,88,2.4
30,89,3.2
30,90,4.9
30,91,3.4
30,92,3.2
30,93,4.4
30,94,4.3
30,95,2.7
30,96,3.1
30,97,4.5
30,98,2.9
30,99,4.5
30,100,2.9
31,1,1.3
31,2,4.6
31,3,3.9
31,4,3.0
31,5,4.6
31,6,4.2
31,7,3.7
31,8,3.5
31,9,1.5
31,10,4.0
31,11,1.7
31,12,4.9
31,13,4.9
31,14,4.2
31,15,1.5
31,16,2.7
31,17,5.0
31,18,2.7
31,19,5.0
31,20,3.5
31,21,4.3
31,22,2.0
31,23,4.6
31,24,4.7
31,25,1.3
31,26,2.6
31,27,2.6
31,28,2.3
31,29,2.1
31,30,2.8
31,31,4.5
31,32,4.1
31,33,3.5
31,34,3.1
31,35,2.7
31,36,2.7
31,37,1.6
31,38,3.4
31,39,4.0
31,40,4.8
31,41,4.7
31,42,3.3
31,43,1.4
31,44,2.1
31,45,3.1
31,46,2.4
31,47,2.6
31,48,2.5
31,49,2.9
31,50,3.4
31,51,1.1
31,52,2.1
31,53,1.6
31,54,3.4
31,55,3.8
31,56,1.2
31,57,4.6
31,58,2.3
31,59,2.0
31,60,4.0
31,61,4.7
31,62,4.6
31,63,1.1
31,64,4.3
31,65,2.2
31,66,2.1
31,67,3.0
31,68,3.8
31,69,1.4
31,70,4.5
31,71,1.5
31,72,4.9
31,73,2.8
31,74,4.3
31,75,2.1
31,76,2.7
31,77,3.6
31,78,1.8
31,79,1.8
31,80,4.3
31,81,4.0
31,82,4.0
31,83,4.5
31,84,4.3
31,85,3.1
31,86,1.6
31,87,2.2
31,88,3.0
31,89,1.5
31,90,4.4
31,91,4.5
31,92,1.1
31,93,1.8
31,94,4.3
31,95,4.3
31,96,2.0
31,97,2.8
31,98,4.7
31,99,3.8
31,100,2.1
32,1,4.3
32,2,3.0
32,3,3.5
32,4,1.5
32,5,1.1
32,6,2.5
32,7,3.4
32,8,1.7
32,9,4.5
32,10,3.3
32,11,2.4
32,12,1.7
32,13,4.6
32,14,4.0
32,15,3.8
32,16,2.1
32,17,2.5
32,18,1.7
32,19,3.3
32,20,4.9
32,21,4.4
32,22,3.6
32,23,3.7
32,24,2.1
32,25,2.6
32,26,1.1
32,27,4.1
32,28,4.1
32,29,1.0
32,30,4.6
32,31,3.6
32,32,3.4
32,33,1.0
32,34,2.0
32,35,4.2
32,36,2.2
32,37,4.9
32,38,3.6
32,39,2.7
32,40,2.5
32,41,2.4
32,42,2.0
32,43,2.9
32,44,3.7
32,45,4.3
32,46,2.6
32,47,1.4
32,48,3.0
32,49,3.6
32,50,4.4
32,51,2.5
32,52,3.6
32,53,3.4
32,54,2.2
32,55,1.4
32,56,1.3
32,57,5.0
32,58,3.6
32,59,4.4
32,60,2.0
32,61,3.8
32,62,4.6
32,63,2.2
32,64,1.6
32,65,4.1
32,66,4.6
32,67,4.2
32,68,4.2
32,69,3.4
32,70,3.6
32,71,3.7
32,72,3.9
32,73,3.6
32,74,5.0
32,75,2.0
32,76,2.7
32,77,2.6
32,78,1.1
32,79,3.8
32,80,3.3
32,81,1.8
32,82,3.9
32,83,1.9
32,84,3.1
32,85,4.1
32,86,4.6
32,87,3.7
32,88,3.0
32,89,4.4
32,90,4.4
32,91,4.5
32,92,1.7
32,93,1.4
32,94,1.5
32,95,2.0
32,96,4.2
32,97,4.1
32,98,1.7
32,99,3.7
32,100,2.3
33,1,1.4
33,2,2.4
33,3,4.0
33,4,2.2
33,5,4.2
33,6,2.3
33,7,2.0
33,8,2.2
33,9,4.4
33,10,2.9
33,11,4.5
33,12,3.3
33,13,4.8
33,14,1.3
33,15,4.6
33,16,3.0
33,17,4.5
33,18,2.5
33,19,2.2
33,20,1.2
33,21,4.4
33,22,1.5
33,23,1.8
33,24,2.6
33,25,3.3
33,26,4.6
33,27,2.8
33,28,2.3
33,29,3.9
33,30,4.1
33,31,3.0
33,32,3.5
33,33,1.7
33,34,3.5
33,35,1.0
33,36,2.1
33,37,4.0
33,38,1.7
33,39,4.1
33,40,3.0
33,41,4.1
33,42,1.4
33,43,3.5
33,44,3.5
33,45,2.6
33,46,4.9
33,47,2.5
33,48,1.2
33,49,1.8
33,50,2.5
33,51,1.1
33,52,2.3
33,53,4.3
33,54,1.8
33,55,3.7
33,56,3.5
33,57,2.0
33,58,3.8
33,59,2.4
33,60,1.5
33,61,2.5
33,62,3.4
33,63,1.7
33,64,4.3
33,65,2.2
33,66,2.2
33,67,3.9
33,68,3.4
33,69,2.4
33,70,4.6
33,71,5.0
33,72,2.4
33,73,4.6
33,74,2.4
33,75,1.8
33,76,4.8
33,77,4.7
33,78,2.6
33,79,1.9
33,80,3.9
33,81,1.5
33,82,3.9
33,83,3.4
33,84,1.7
33,85,2.5
33,86,3.6
33,87,1.1
33,88,4.5
33,89,2.0
33,90,3.1
33,91,1.2
33,92,5.0
33,93,3.6
33,94,3.6
33,95,1.1
33,96,3.8
33,97,2.7
33,98,2.5
33,99,3.2
33,100,2.9
34,1,1.6
34,2,3.8
34,3,3.5
34,4,2.2
34,5,3.6
34,6,3.6
34,7,2.1
34,8,3.4
34,9,1.5
34,10,4.3
34,11,1.4
34,12,3.9
34,13,1.5
34,14,1.5
34,15,1.4
34,16,1.8
34,17,1.8
34,18,2.1
34,19,3.1
34,20,1.8
34,21,3.8
34,22,2.2
34,23,1.2
34,24,3.0
34,25,1.8
34,26,4.7
34,27,2.3
34,28,1.0
34,29,3.7
34,30,4.6
34,31,4.3
34,32,3.7
34,33,1.6
34,34,1.4
34,35,3.0
34,36,3.9
34,37,1.4
34,38,2.0
34,39,1.9
34,40,5.0
34,41,2.2
34,42,2.9
34,43,1.4
34,44,1.7
34,45,1.2
34,46,2.2
34,47,4.2
34,48,2.3
34,49,4.0
34,50,1.4
34,51,4.0
34,52,1.2
34,53,4.4
34,54,3.7
34,55,1.7
34,56,2.4
34,57,2.8
34,58,3.5
34,59,4.5
34,60,1.4
34,61,4.3
34,62,1.7
34,63,2.6
34,64,4.8
34,65,2.1
34,66,2.5
34,67,4.4
34,68,4.2
34,69,3.6
34,70,4.2
34,71,1.5
34,72,3.8
34,73,1.2
34,74,4.8
34,75,1.6
34,76,2.7
34,77,3.4
34,78,4.2
34,79,3.7
34,80,1.7
34,81,2.5
34,82,2.4
34,83,1.1
34,84,3.7
34,85,4.4
34,86,4.9
34,87,1.5
34,88,4.7
34,89,1.5
34,90,2.6
34,91,1.2
34,92,2.0
34,93,2.3
34,94,3.8
34,95,3.7
34,96,4.1
34,97,3.3
34,98,3.3
34,99,4.9
34,100,3.7
35,1,2.4
35,2,3.1
35,3,3.8
35,4,1.4
35,5,3.6
35,6,2.0
35,7,2.4
35,8,3.7
35,9,2.5
35,10,4.4
35,11,3.2
35,12,5.0
35,13,1.2
35,14,3.6
35,15,1.6
35,16,4.4
35,17,4.4
35,18,4.5
35,19,1.3
35,20,3.0
35,21,2.0
35,22,4.9
35,23,1.2
35,24,1.9
35,25,3.6
35,26,2.6
35,27,1.9
35,28,2.8
35,29,4.2
35,30,2.8
35,31,4.4
35,32,2.8
35,33,1.5
35,34,3.0
35,35,3.6
35,36,1.4
35,37,2.6
35,38,3.2
35,39,1.0
35,40,1.4
35,41,3.4
35,42,3.5
35,43,2.2
35,44,3.0
35,45,1.8
35,46,3.7
35,47,4.8
35,48,2.5
35,49,1.2
35,50,1.9
35,51,2.8
35,52,3.2
35,53,3.5
35,54,2.9
35,55,3.6
35,56,3.9
35,57,1.5
35,58,4.0
35,59,1.9
35,60,2.4
35,61,4.3
35,62,4.9
35,63,2.2
35,64,3.1
35,65,3.8
35,66,1.2
35,67,1.7
35,68,1.6
35,69,3.9
35,70,3.9
35,71,1.4
35,72,3.4
35,73,1.8
35,74,4.7
35,75,2.6
35,76,2.8
35,77,4.1
35,78,3.9
35,79,1.4
35,80,2.7
35,81,4.7
35,82,4.3
35,83,3.4
35,84,4.1
35,85,2.8
35,86,3.6
35,87,4.8
35,88,1.5
35,89,3.0
35,90,3.1
35,91,1.2
35,92,4.7
35,93,4.4
35,94,2.9
35,95,3.0
35,96,4.7
35,97,1.7
35,98,3.3
35,99,3.9
35,100,1.5
36,1,2.5
36,2,3.4
36,3,4.5
36,4,3.0
36,5,2.5
36,6,4.9
36,7,4.7
36,8,4.0
36,9,2.1
36,10,4.9
36,11,4.9
36,12,2.8
36,13,1.5
36,14,2.7
36,15,3.8
36,16,4.0
36,17,2.2
36,18,3.8
36,19,4.4
36,20,3.8
36,21,4.7
36,22,3.5
36,23,1.8
36,24,3.5
36,25,2.2
36,26,2.4
36,27,3.7
36,28,4.9
36,29,3.6
36,30,4.8
36,31,3.0
36,32,3.8
36,33,2.3
36,34,1.5
36,35,2.4
36,36,2.9
36,37,3.3
36,38,3.7
36,39,2.7
36,40,4.0
36,41,4.4
36,42,2.1
36,43,4.4
36,44,4.2
36,45,3.1
36,46,1.1
36,47,1.6
36,48,3.7
36,49,1.8
36,50,4.0
36,51,1.6
36,52,2.1
36,53,2.0
36,54,4.4
36,55,3.8
36,56,2.2
36,57,4.0
36,58,1.1
36,59,4.3
36,60,1.4
36,61,4.5
36,62,4.0
36,63,4.5
36,64,4.0
36,65,3.2
36,66,2.0
36,67,4.1
36,68,4.2
36,69,2.2
36,70,3.7
36,71,4.7
36,72,2.6
36,73,4.8
36,74,4.9
36,75,2.3
36,76,3.2
36,77,1.1
36,78,2.0
36,79,3.5
36,80,4.1
36,81,4.5
36,82,4.3
36,83,4.6
36,84,3.8
36,85,3.6
36,86,4.0
36,87,3.2
36,88,3.4
36,89,4.1
36,90,4.9
36,91,2.2
36,92,1.7
36,93,3.7
36,94,1.7
36,95,1.7
36,96,3.1
36,97,2.5
36,98,2.7
36,99,3.2
36,100,1.5
37,1,3.3
37,2,2.0
37,3,2.3
37,4,3.8
37,5,1.6
37,6,1.6
37,7,2.3
37,8,1.2
37,9,4.7
37,10,3.5
37,11,3.6
37,12,3.0
37,13,3.3
37,14,2.4
37,15,4.1
37,16,2.3
37,17,1.9
37,18,1.7
37,19,1.3
37,20,3.0
37,21,2.7
37,22,3.1
37,23,1.4
37,24,1.9
37,25,1.9
37,26,2.3
37,27,2.4
37,28,1.9
37,29,4.0
37,30,3.1
37,31,5.0
37,32,4.3
37,33,4.9
37,34,1.0
37,35,3.7
37,36,2.8
37,37,4.6
37,38,3.5
37,39,3.5
37,40,4.8
37,41,3.7
37,42,2.3
37,43,4.7
37,44,4.8
37,45,2.5
37,46,3.2
37,47,2.1
37,48,4.6
37,49,4.3
37,50,2.5
37,51,4.2
37,52,2.8
37,53,1.2
37,54,4.6
37,55,1.8
37,56,3.1
37,57,4.8
37,58,1.7
37,59,4.8
37,60,3.2
37,61,1.0
37,62,1.3
37,63,3.7
37,64,4.1
37,65,4.5
37,66,2.7
37,67,1.4
37,68,3.2
37,69,3.8
37,70,4.9
37,71,4.1
37,72,3.6
37,73,4.8
37,74,4.0
37,75,1.6
37,76,2.8
37,77,2.3
37,78,1.4
37,79,1.2
37,80,4.2
37,81,3.2
37,82,3.3
37,83,1.9
37,84,2.0
37,85,2.6
37,86,3.5
37,87,2.7
37,88,1.1
37,89,3.7
37,90,3.1
37,91,3.6
37,92,3.5
37,93,4.0
37,94,3.3
37,95,3.8
37,96,1.3
37,97,4.7
37,98,1.4
37,99,4.1
37,100,2.2
38,1,1.3
38,2,4.1
38,3,2.8
38,4,2.6
38,5,3.6
38,6,2.9
38,7,3.1
38,8,1.5
38,9,2.6
38,10,4.2
38,11,3.2
38,12,4.8
38,13,1.6
38,14,3.7
38,15,4.7
38,16,4.2
38,17,3.9
38,18,2.5
38,19,4.8
38,20,3.2
38,21,3.2
38,22,1.5
38,23,1.0
38,24,3.4
38,25,3.1
38,26,4.8
38,27,2.2
38,28,4.0
38,29,4.6
38,30,2.4
38,31,2.7
38,32,3.6
38,33,3.1
38,34,1.6
38,35,1.9
38,36,4.3
38,37,1.8
38,38,1.7
38,39,4.2
38,40,4.4
38,41,4.4
38,42,4.7
38,43,5.0
38,44,2.8
38,45,3.2
38,46,2.2
38,47,1.3
38,48,1.4
38,49,3.9
38,50,2.9
38,51,2.3
38,52,1.5
38,53,3.6
38,54,1.4
38,55,3.5
38,56,4.6
38,57,2.3
38,58,2.8
38,59,3.5
38,60,2.2
38,61,3.3
38,62,3.3
38,63,2.5
38,64,2.3
38,65,2.7
38,66,1.0
38,67,2.0
38,68,1.9
38,69,4.0
38,70,2.7
38,71,4.4
38,72,1.5
38,73,3.9
38,74,4.5
38,75,2.9
38,76,2.4
38,77,2.2
38,78,3.2
38,79,1.7
38,80,3.4
38,81,4.4
38,82,4.4
38,83,1.6
38,84,3.2
38,85,2.1
38,86,4.5
38,87,1.3
38,88,1.3
38,89,1.1
38,90,3.0
38,91,1.1
38,92,3.3
38,93,2.6
38,94,3.4
38,95,4.6
38,96,3.2
38,97,3.2
38,98,5.0
38,99,2.9
38,100,4.1
39,1,2.5
39,2,1.9
39,3,4.1
39,4,3.9
39,5,2.2
39,6,2.9
39,7,3.0
39,8,2.6
39,9,3.0
39,10,3.7
39,11,4.4
39,12,4.2
39,13,3.5
39,14,1.7
39,15,3.1
39,16,2.8
39,17,1.7
39,18,4.8
39,19,3.6
39,20,4.9
39,21,3.9
39,22,2.9
39,23,2.4
39,24,1.9
39,25,3.0
39,26,1.3
39,27,2.5
39,28,1.2
39,29,1.8
39,30,4.6
39,31,2.4
39,32,2.9
39,33,2.8
39,34,1.2
39,35,4.9
39,36,2.3
39,37,3.8
39,38,3.1
39,39,4.3
39,40,4.3
39,41,2.1
39,42,3.2
39,43,1.7
39,44,3.6
39,45,2.5
39,46,3.6
39,47,4.3
39,48,3.1
39,49,2.5
39,50,4.6
39,51,3.1
39,52,2.4
39,53,4.5
39,54,2.9
39,55,2.9
39,56,3.4
39,57,3.0
39,58,1.6
39,59,1.7
39,60,1.3
39,61,3.6
39,62,1.8
39,63,1.7
39,64,2.4
39,65,3.9
39,66,1.5
39,67,1.9
39,68,4.2
39,69,3.9
39,70,2.9
39,71,2.9
39,72,1.8
39,73,1.6
39,74,4.3
39,75,1.1
39,76,1.2
39,77,3.3
39,78,1.6
39,79,3.5
39,80,1.2
39,81,3.3
39,82,1.2
39,83,2.0
39,84,1.7
39,85,4.8
39,86,3.4
39,87,3.3
39,88,1.1
39,89,3.9
39,90,3.6
39,91,2.1
39,92,1.3
39,93,2.8
39,94,5.0
39,95,4.5
39,96,1.7
39,97,4.3
39,98,3.4
39,99,4.2
39,100,4.3
40,1,1.7
40,2,3.6
40,3,2.1
40,4,3.9
40,5,2.4
40,6,2.8
40,7,3.4
40,8,1.9
40,9,2.5
40,10,1.4
40,11,1.8
40,12,4.4
40,13,3.0
40,14,2.7
40,15,1.6
40,16,1.4
40,17,2.9
40,18,3.5
40,19,1.2
40,20,4.1
40,21,3.0
40,22,1.5
40,23,2.9
40,24,1.5
40,25,3.4
40,26,4.3
40,27,4.6
40,28,4.1
40,29,3.6
40,30,3.1
40,31,2.5
40,32,1.2
40,33,3.1
40,34,1.9
40,35,4.2
40,36,4.2
40,37,2.5
40,38,3.4
40,39,4.0
40,40,4.0
40,41,3.8
40,42,1.4
40,43,1.5
40,44,2.9
40,45,1.9
40,46,4.4
40,47,2.1
40,48,4.5
40,49,2.6
40,50,1.8
40,51,3.8
40,52,4.2
40,53,3.3
40,54,1.5
40,55,1.0
40,56,3.6
40,57,3.8
40,58,2.3
40,59,2.4
40,60,1.6
40,61,3.6
40,62,2.0
40,63,4.4
40,64,2.7
40,65,2.5
40,66,2.1
40,67,3.7
40,68,4.0
40,69,2.7
40,70,4.1
40,71,2.9
40,72,2.5
40,73,3.2
40,74,2.0
40,75,2.2
40,76,2.4
40,77,3.8
40,78,3.9
40,79,4.4
40,80,3.6
40,81,4.0
40,82,2.8
40,83,3.8
40,84,1.6
40,85,1.9
40,86,2.6
40,87,2.4
40,88,3.2
40,89,3.8
40,90,3.8
40,91,1.6
40,92,4.9
40,93,1.0
40,94,1.4
40,95,1.6
40,96,4.7
40,97,2.7
40,98,1.3
40,99,1.9
40,100,1.3
41,1,1.2
41,2,2.5
41,3,4.9
41,4,3.5
41,5,3.1
41,6,3.8
41,7,3.4
41,8,4.8
41,9,4.3
41,10,3.6
41,11,2.8
41,12,1.8
41,13,3.6
41,14,4.2
41,15,2.1
41,16,1.1
41,17,3.4
41,18,3.1
41,19,1.9
41,20,1.7
41,21,1.1
41,22,2.0
41,23,1.0
41,24,1.6
41,25,5.0
41,26,4.1
41,27,2.4
41,28,2.6
41,29,3.3
41,30,3.1
41,31,3.9
41,32,1.3
41,33,1.4
41,34,2.1
41,35,4.3
41,36,4.7
41,37,2.4
41,38,4.9
41,39,2.1
41,40,3.4
41,41,1.8
41,42,4.7
41,43,3.3
41,44,2.0
41,45,2.6
41,46,1.4
41,47,1.3
41,48,2.2
41,49,4.8
41,50,4.2
41,51,4.8
41,52,4.5
41,53,4.3
41,54,3.3
41,55,3.8
41,56,4.9
41,57,3.3
41,58,4.1
41,59,4.0
41,60,4.8
41,61,2.8
41,62,2.8
41,63,3.3
41,64,1.1
41,65,1.5
41,66,1.3
41,67,3.5
41,68,5.0
41,69,3.7
41,70,1.9
41,71,2.3
41,72,4.8
41,73,3.1
41,74,1.0
41,75,4.3
41,76,2.0
41,77,1.4
41,78,3.7
41,79,4.3
41,80,1.3
41,81,4.7
41,82,2.9
41,83,2.4
41,84,4.6
41,85,2.1
41,86,4.8
41,87,3.7
41,88,4.6
41,89,3.0
41,90,1.8
41,91,3.9
41,92,4.5
41,93,1.8
41,94,1.8
41,95,2.0
41,96,3.5
41,97,1.6
41,98,1.4
41,99,4.7
41,100,3.7
42,1,3.7
42,2,3.5
42,3,4.1
42,4,3.2
42,5,1.2
42,6,2.9
42,7,3.5
42,8,3.0
42,9,4.9
42,10,4.6
42,11,4.5
42,12,3.0
42,13,4.9
42,14,4.7
42,15,2.1
42,16,1.9
42,17,3.3
42,18,1.2
42,19,4.2
42,20,2.9
42,21,3.2
42,22,3.0
42,23,2.6
42,24,3.7
42,25,1.7
42,26,4.9
42,27,3.8
42,28,2.8
42,29,3.8
42,30,1.0
42,31,1.8
42,32,3.3
42,33,2.3
42,34,3.5
42,35,2.0
42,36,3.2
42,37,1.9
42,38,2.9
42,39,3.5
42,40,2.5
42,41,3.0
42,42,1.8
42,43,3.8
42,44,2.5
42,45,4.4
42,46,2.1
42,47,1.7
42,48,1.5
42,49,3.3
42,50,1.9
42,51,1.4
42,52,2.1
42,53,1.9
42,54,2.7
42,55,2.5
42,56,1.6
42,57,4.8
42,58,1.6
42,59,4.2
42,60,1.7
42,61,3.0
42,62,5.0
42,63,4.4
42,64,3.1
42,65,3.9
42,66,4.1
42,67,2.2
42,68,3.2
42,69,3.3
42,70,2.6
42,71,3.8
42,72,1.2
42,73,4.3
42,74,2.9
42,75,3.5
42,76,2.8
42,77,2.3
42,78,2.4
42,79,3.2
42,80,4.7
42,81,2.0
42,82,1.1
42,83,1.5
42,84,4.5
42,85,4.9
42,86,1.8
42,87,3.3
42,88,3.6
42,89,1.7
42,90,4.1
42,91,2.4
42,92,3.7
42,93,2.9
42,94,3.9
42,95,4.6
42,96,2.5
42,97,2.1
42,98,3.5
42,99,1.6
42,100,1.7
43,1,4.2
43,2,2.3
43,3,3.5
43,4,3.3
43,5,4.4
43,6,1.3
43,7,1.6
43,8,1.9
43,9,2.3
43,10,2.2
43,11,2.1
43,12,3.6
43,13,2.1
43,14,2.8
43,15,4.5
43,16,2.5
43,17,3.3
43,18,4.9
43,19,2.7
43,20,1.7
43,21,1.1
43,22,3.9
43,23,3.6
43,24,4.8
43,25,3.8
43,26,1.3
43,27,1.7
43,28,1.4
43,29,1.3
43,30,4.5
43,31,3.2
43,32,1.1
43,33,2.6
43,34,4.1
43,35,1.3
43,36,2.0
43,37,1.6
43,38,3.6
43,39,4.5
43,40,2.2
43,41,2.0
43,42,2.1
43,43,3.5
43,44,1.5
43,45,4.4
43,46,1.1
43,47,3.7
43,48,4.4
43,49,2.3
43,50,2.9
43,51,4.9
43,52,3.2
43,53,2.1
43,54,2.8
43,55,4.9
43,56,3.8
43,57,1.7
43,58,3.4
43,59,3.5
43,60,3.5
43,61,3.3
43,62,3.1
43,63,3.6
43,64,2.2
43,65,2.4
43,66,3.2
43,67,4.2
43,68,2.8
43,69,2.5
43,70,2.0
43,71,2.2
43,72,1.0
43,73,4.3
43,74,4.4
43,75,2.4
43,76,2.9
43,77,1.0
43,78,4.7
43,79,4.8
43,80,2.9
43,81,1.0
43,82,2.7
43,83,2.2
43,84,1.9
43,85,1.0
43,86,2.5
43,87,2.6
43,88,3.2
43,89,2.6
43,90,1.7
43,91,3.9
43,92,2.6
43,93,2.5
43,94,2.1
43,95,2.7
43,96,2.0
43,97,4.1
43,98,4.6
43,99,4.2
43,100,3.7
44,1,2.1
44,2,4.0
44,3,4.2
44,4,2.7
44,5,4.4
44,6,1.7
44,7,2.2
44,8,3.5
44,9,3.5
44,10,2.1
44,11,3.5
44,12,1.8
44,13,1.1
44,14,1.2
44,15,3.1
44,16,1.7
44,17,1.4
44,18,2.1
44,19,3.9
44,20,3.9
44,21,1.9
44,22,1.6
44,23,3.0
44,24,2.4
44,25,2.2
44,26,4.2
44,27,5.0
44,28,2.9
44,29,4.2
44,30,2.3
44,31,4.4
44,32,4.8
44,33,1.2
44,34,4.1
44,35,1.3
44,36,2.9
44,37,1.8
44,38,4.4
44,39,4.3
44,40,4.3
44,41,1.5
44,42,4.1
44,43,2.0
44,44,4.1
44,45,2.8
44,46,4.0
44,47,1.1
44,48,2.8
44,49,4.1
44,50,3.1
44,51,4.9
44,52,2.9
44,53,3.7
44,54,2.2
44,55,2.3
44,56,3.5
44,57,1.2
44,58,4.7
44,59,3.1
44,60,2.0
44,61,3.6
44,62,1.8
44,63,4.6
44,64,4.5
44,65,1.9
44,66,1.5
44,67,3.5
44,68,2.3
44,69,1.7
44,70,2.1
44,71,1.5
44,72,4.2
44,73,1.0
44,74,1.2
44,75,4.1
44,76,2.9
44,77,3.4
44,78,2.5
44,79,1.4
44,80,1.6
44,81,1.4
44,82,3.5
44,83,4.7
44,84,5.0
44,85,3.5
44,86,1.2
44,87,3.6
44,88,3.8
44,89,4.2
44,90,1.5
44,91,1.9
44,92,4.9
44,93,4.2
44,94,4.0
44,95,4.2
44,96,2.8
44,97,1.8
44,98,3.8
44,99,2.4
44,100,1.5
45,1,4.6
45,2,2.9
45,3,2.8
45,4,2.2
45,5,3.8
45,6,1.8
45,7,1.7
45,8,2.4
45,9,3.9
45,10,2.1
45,11,4.3
45,12,4.7
45,13,3.2
45,14,1.3
45,15,1.6
45,16,2.2
45,17,2.1
45,18,2.5
45,19,1.0
45,20,3.6
45,21,2.5
45,22,1.7
45,23,1.1
45,24,4.4
45,25,4.1
45,26,2.0
45,27,3.9
45,28,3.6
45,29,3.2
45,30,2.5
45,31,3.1
45,32,3.0
45,33,3.2
45,34,3.5
45,35,2.3
45,36,3.6
45,37,1.4
45,38,3.1
45,39,1.3
45,40,4.3
45,41,1.5
45,42,4.5
45,43,1.8
45,44,2.9
45,45,1.4
45,46,3.3
45,47,4.3
45,48,3.6
45,49,3.1
45,50,3.8
45,51,2.0
45,52,2.5
45,53,3.4
45,54,1.3
45,55,4.7
45,56,1.8
45,57,3.0
45,58,4.6
45,59,1.3
45,60,4.2
45,61,1.2
45,62,3.2
45,63,4.8
45,64,2.7
45,65,2.5
45,66,3.8
45,67,4.3
45,68,2.1
45,69,1.2
45,70,1.3
45,71,2.2
45,72,4.8
45,73,4.8
45,74,1.4
45,75,3.9
45,76,3.1
45,77,1.8
45,78,3.1
45,79,2.0
45,80,3.5
45,81,1.7
45,82,4.0
45,83,2.7
45,84,1.4
45,85,3.6
45,86,2.4
45,87,2.8
45,88,3.7
45,89,4.5
45,90,1.7
45,91,1.7
45,92,2.6
45,93,2.4
45,94,1.6
45,95,5.0
45,96,2.8
45,97,2.4
45,98,2.3
45,99,5.0
45,100,2.3
46,1,2.5
46,2,4.1
46,3,2.7
46,4,3.9
46,5,3.4
46,6,3.3
46,7,1.9
46,8,4.1
46,9,4.7
46,10,2.0
46,11,4.8
46,12,2.8
46,13,2.6
46,14,3.9
46,15,4.9
46,16,3.4
46,17,3.1
46,18,5.0
46,19,2.2
46,20,2.2
46,21,1.9
46,22,4.4
46,23,1.1
46,24,4.3
46,25,3.8
46,26,2.1
46,27,3.2
46,28,3.2
46,29,4.7
46,30,1.6
46,31,1.2
46,32,2.4
46,33,1.6
46,34,2.5
46,35,3.3
46,36,1.9
46,37,4.2
46,38,1.4
46,39,2.6
46,40,4.7
46,41,3.9
46,42,3.9
46,43,4.2
46,44,1.7
46,45,4.3
46,46,3.8
46,47,3.3
46,48,4.6
46,49,3.4
46,50,2.2
46,51,3.9
46,52,3.3
46,53,1.3
46,54,1.2
46,55,4.1
46,56,2.4
46,57,4.3
46,58,2.7
46,59,4.5
46,60,4.5
46,61,1.9
46,62,3.6
46,63,3.4
46,64,1.0
46,65,4.1
46,66,2.5
46,67,2.2
46,68,1.2
46,69,3.2
46,70,1.6
46,71,3.0
46,72,1.9
46,73,1.2
46,74,3.9
46,75,2.6
46,76,2.8
46,77,3.4
46,78,3.0
46,79,1.9
46,80,2.2
46,81,2.6
46,82,1.5
46,83,1.3
46,84,3.3
46,85,1.2
46,86,2.6
46,87,1.3
46,88,3.0
46,89,4.1
46,90,1.5
46,91,1.5
46,92,3.2
46,93,3.0
46,94,3.6
46,95,1.8
46,96,3.5
46,97,3.9
46,98,2.0
46,99,1.3
46,100,4.1
47,1,2.3
47,2,4.7
47,3,1.4
47,4,3.7
47,5,2.7
47,6,2.4
47,7,2.3
47,8,3.4
47,9,1.1
47,10,2.2
47,11,5.0
47,12,3.5
47,13,5.0
47,14,2.8
47,15,1.6
47,16,1.2
47,17,4.3
47,18,1.8
47,19,2.5
47,20,4.0
47,21,4.4
47,22,1.4
47,23,1.2
47,24,4.8
47,25,4.7
47,26,4.5
47,27,4.3
47,28,1.1
47,29,3.8
47,30,1.4
47,31,2.8
47,32,1.1
47,33,1.8
47,34,3.2
47,35,1.8
47,36,3.1
47,37,2.0
47,38,2.9
47,39,3.9
47,40,1.6
47,41,3.8
47,42,1.1
47,43,3.3
47,44,3.7
47,45,1.2
47,46,1.7
47,47,2.1
47,48,4.2
47,49,3.5
47,50,1.2
47,51,3.6
47,52,1.0
47,53,2.6
47,54,2.1
47,55,4.4
47,56,3.6
47,57,4.5
47,58,1.1
47,59,4.5
47,60,3.6
47,61,1.9
47,62,2.5
47,63,4.9
47,64,1.4
47,65,2.3
47,66,4.5
47,67,3.1
47,68,1.7
47,69,3.0
47,70,2.8
47,71,4.7
47,72,1.1
47,73,2.0
47,74,3.1
47,75,2.3
47,76,2.6
47,77,1.6
47,78,2.4
47,79,2.4
47,80,3.5
47,81,1.9
47,82,4.9
47,83,3.0
47,84,4.2
47,85,3.5
47,86,4.5
47,87,4.6
47,88,4.3
47,89,1.1
47,90,3.2
47,91,2.1
47,92,1.6
47,93,4.6
47,94,3.6
47,95,1.4
47,96,2.5
47,97,4.8
47,98,3.4
47,99,3.5
47,100,1.9
48,1,2.0
48,2,1.6
48,3,4.9
48,4,4.6
48,5,2.3
48,6,3.2
48,7,1.8
48,8,1.6
48,9,3.2
48,10,4.2
48,11,4.5
48,12,2.2
48,13,3.8
48,14,3.1
48,15,1.5
48,16,5.0
48,17,4.9
48,18,1.6
48,19,4.7
48,20,4.7
48,21,2.3
48,22,3.2
48,23,4.8
48,24,1.5
48,25,2.3
48,26,4.5
48,27,3.9
48,28,4.1
48,29,4.5
48,30,2.7
48,31,2.6
48,32,2.8
48,33,4.7
48,34,4.6
48,35,4.7
48,36,2.1
48,37,4.1
48,38,1.4
48,39,1.7
48,40,4.0
48,41,3.4
48,42,2.1
48,43,3.3
48,44,1.9
48,45,1.9
48,46,3.7
48,47,2.4
48,48,3.8
48,49,2.9
48,50,3.0
48,51,3.4
48,52,3.8
48,53,2.5
48,54,4.4
48,55,3.0
48,56,1.6
48,57,1.8
48,58,1.1
48,59,4.1
48,60,1.1
48,61,2.1
48,62,2.7
48,63,4.0
48,64,5.0
48,65,4.0
48,66,1.3
48,67,4.7
48,68,4.9
48,69,4.5
48,70,3.0
48,71,2.3
48,72,2.8
48,73,2.0
48,74,2.6
48,75,1.2
48,76,3.9
48,77,2.5
48,78,2.3
48,79,3.4
48,80,4.0
48,81,3.4
48,82,3.1
48,83,4.5
48,84,4.1
48,85,3.1
48,86,2.8
48,87,4.3
48,88,1.2
48,89,5.0
48,90,3.1
48,91,2.6
48,92,3.9
48,93,3.2
48,94,3.1
48,95,3.5
48,96,1.2
48,97,2.2
48,98,2.6
48,99,2.2
48,100,4.3
49,1,2.8
49,2,2.7
49,3,3.5
49,4,1.2
49,5,3.1
49,6,1.6
49,7,4.3
49,8,2.8
49,9,3.9
49,10,1.5
49,11,4.1
49,12,4.8
49,13,3.8
49,14,1.5
49,15,2.7
49,16,2.8
49,17,1.7
49,18,3.4
49,19,3.9
49,20,1.8
49,21,2.8
49,22,2.0
49,23,3.8
49,24,4.6
49,25,4.2
49,26,3.9
49,27,1.5
49,28,1.5
49,29,2.8
49,30,2.5
49,31,3.1
49,32,2.5
49,33,4.2
49,34,3.0
49,35,4.8
49,36,2.5
49,37,2.5
49,38,4.1
49,39,4.6
49,40,3.3
49,41,3.6
49,42,1.6
49,43,4.5
49,44,1.7
49,45,3.8
49,46,2.7
49,47,2.2
49,48,4.1
49,49,2.8
49,50,3.5
49,51,1.5
49,52,1.5
49,53,1.8
49,54,3.5
49,55,2.0
49,56,2.8
49,57,4.4
49,58,3.2
49,59,1.0
49,60,4.5
49,61,2.0
49,62,3.4
49,63,2.9
49,64,2.6
49,65,1.3
49,66,3.4
49,67,2.0
49,68,3.2
49,69,3.5
49,70,3.2
49,71,4.3
49,72,1.2
49,73,1.6
49,74,3.6
49,75,1.1
49,76,4.4
49,77,3.7
49,78,4.4
49,79,2.2
49,80,4.7
49,81,1.2
49,82,2.7
49,83,1.7
49,84,3.7
49,85,3.4
49,86,3.8
49,87,3.4
49,88,4.1
49,89,1.7
49,90,2.8
49,91,3.3
49,92,4.7
49,93,1.4
49,94,2.2
49,95,2.5
49,96,2.5
49,97,1.3
49,98,2.7
49,99,3.2
49,100,2.2
50,1,1.5
50,2,3.8
50,3,2.1
50,4,3.1
50,5,3.1
50,6,3.8
50,7,3.4
50,8,1.4
50,9,3.9
50,10,3.5
50,11,4.9
50,12,2.9
50,13,3.8
50,14,4.7
50,15,4.9
50,16,2.1
50,17,3.4
50,18,2.3
50,19,3.1
50,20,5.0
50,21,2.4
50,22,1.5
50,23,3.3
50,24,3.1
50,25,3.5
50,26,3.0
50,27,1.7
50,28,3.4
50,29,3.8
50,30,4.9
50,31,1.0
50,32,1.1
50,33,3.5
50,34,1.5
50,35,4.4
50,36,4.2
50,37,5.0
50,38,2.7
50,39,2.3
50,40,3.2
50,41,3.6
50,42,1.0
50,43,1.8
50,44,2.1
50,45,4.2
50,46,2.2
50,47,3.0
50,48,2.3
50,49,1.0
50,50,3.7
50,51,2.4
50,52,3.9
50,53,3.5
50,54,1.1
50,55,1.7
50,56,2.3
50,57,2.4
50,58,3.7
50,59,4.7
50,60,4.2
50,61,3.6
50,62,2.9
50,63,3.5
50,64,4.6
50,65,3.1
50,66,2.3
50,67,4.1
50,68,2.7
50,69,4.0
50,70,4.3
50,71,2.2
50,72,3.9
50,73,2.3
50,74,3.1
50,75,1.8
50,76,3.7
50,77,4.2
50,78,4.6
50,79,2.4
50,80,4.9
50,81,2.1
50,82,1.1
50,83,4.9
50,84,3.5
50,85,4.4
50,86,3.3
50,87,2.6
50,88,3.4
50,89,4.5
50,90,4.0
50,91,3.8
50,92,2.3
50,93,1.1
50,94,2.7
50,95,3.0
50,96,2.0
50,97,2.8
50,98,4.8
50,99,1.9
50,100,2.2
